<?xml version="1.0" encoding="UTF-8"?>
<GenRun Id="synth_1" LaunchPart="xc7z020clg484-1" LaunchTime="1735509941">
  <File Type="PA-TCL" Name="PE.tcl"/>
  <File Type="REPORTS-TCL" Name="PE_reports.tcl"/>
  <File Type="RDS-RDS" Name="PE.vds"/>
  <File Type="RDS-UTIL" Name="PE_utilization_synth.rpt"/>
  <File Type="RDS-UTIL-PB" Name="PE_utilization_synth.pb"/>
  <File Type="RDS-DCP" Name="PE.dcp"/>
  <FileSet Name="sources" Type="DesignSrcs" RelSrcDir="$PSRCDIR/sources_1">
    <Filter Type="Srcs"/>
    <File Path="$PSRCDIR/sources_1/ip/sram_img_r_1/sram_img_r.xci">
      <FileInfo>
        <Attr Name="ImportPath" Val="$PPRDIR/../../../../../../../../OneDrive/Desktop/HDL/hw6_bouns/vivado/HDL_HW6_B103040045/HDL_HW6_B103040045.srcs/sources_1/ip/sram_img_r_1/sram_img_r.xci"/>
        <Attr Name="ImportTime" Val="1735508688"/>
        <Attr Name="UsedIn" Val="synthesis"/>
        <Attr Name="UsedIn" Val="implementation"/>
        <Attr Name="UsedIn" Val="simulation"/>
      </FileInfo>
    </File>
    <File Path="$PSRCDIR/sources_1/imports/Memory_compiler/TOP.v">
      <FileInfo>
        <Attr Name="ImportPath" Val="$PPRDIR/../../../../../../../../OneDrive/Desktop/HDL/hw6_bouns/code/rtl/Memory_compiler/TOP.v"/>
        <Attr Name="ImportTime" Val="1735509914"/>
        <Attr Name="UsedIn" Val="synthesis"/>
        <Attr Name="UsedIn" Val="implementation"/>
        <Attr Name="UsedIn" Val="simulation"/>
      </FileInfo>
    </File>
    <File Path="$PSRCDIR/sources_1/imports/Memory_compiler/accelerator_with_mem_compiler.v">
      <FileInfo>
        <Attr Name="ImportPath" Val="$PPRDIR/../../../../../../../../OneDrive/Desktop/HDL/hw6_bouns/code/rtl/Memory_compiler/accelerator_with_mem_compiler.v"/>
        <Attr Name="ImportTime" Val="1735509701"/>
        <Attr Name="UsedIn" Val="synthesis"/>
        <Attr Name="UsedIn" Val="implementation"/>
        <Attr Name="UsedIn" Val="simulation"/>
      </FileInfo>
    </File>
    <Config>
      <Option Name="DesignMode" Val="RTL"/>
      <Option Name="TopModule" Val="PE"/>
      <Option Name="TopAutoSet" Val="TRUE"/>
    </Config>
  </FileSet>
  <FileSet Name="constrs_in" Type="Constrs" RelSrcDir="$PSRCDIR/constrs_1">
    <Filter Type="Constrs"/>
    <Config>
      <Option Name="ConstrsType" Val="XDC"/>
    </Config>
  </FileSet>
  <FileSet Name="utils" Type="Utils" RelSrcDir="$PSRCDIR/utils_1">
    <Filter Type="Utils"/>
    <Config>
      <Option Name="TopAutoSet" Val="TRUE"/>
    </Config>
  </FileSet>
  <Strategy Version="1" Minor="2">
    <StratHandle Name="Vivado Synthesis Defaults" Flow="Vivado Synthesis 2018"/>
    <Step Id="synth_design"/>
  </Strategy>
</GenRun>
