<?xml version="1.0" encoding="UTF-8"?>
<GenRun Id="impl_1" LaunchPart="xc7z020clg484-1" LaunchTime="1733080166">
  <File Type="ROUTE-BUS-SKEW" Name="sobel_detecter_bus_skew_routed.rpt"/>
  <File Type="PA-DCP" Name="sobel_detecter.dcp"/>
  <File Type="OPT-HWDEF" Name="sobel_detecter.hwdef"/>
  <File Type="ROUTE-PWR" Name="sobel_detecter_power_routed.rpt"/>
  <File Type="PA-TCL" Name="sobel_detecter.tcl"/>
  <File Type="BITSTR-BMM" Name="sobel_detecter_bd.bmm"/>
  <File Type="OPT-DCP" Name="sobel_detecter_opt.dcp"/>
  <File Type="REPORTS-TCL" Name="sobel_detecter_reports.tcl"/>
  <File Type="ROUTE-PWR-SUM" Name="sobel_detecter_power_summary_routed.pb"/>
  <File Type="OPT-DRC" Name="sobel_detecter_drc_opted.rpt"/>
  <File Type="PWROPT-DCP" Name="sobel_detecter_pwropt.dcp"/>
  <File Type="PLACE-DCP" Name="sobel_detecter_placed.dcp"/>
  <File Type="PLACE-IO" Name="sobel_detecter_io_placed.rpt"/>
  <File Type="PLACE-UTIL" Name="sobel_detecter_utilization_placed.rpt"/>
  <File Type="PLACE-UTIL-PB" Name="sobel_detecter_utilization_placed.pb"/>
  <File Type="PLACE-CTRL" Name="sobel_detecter_control_sets_placed.rpt"/>
  <File Type="PLACE-PRE-SIMILARITY" Name="sobel_detecter_incremental_reuse_pre_placed.rpt"/>
  <File Type="POSTPLACE-PWROPT-DCP" Name="sobel_detecter_postplace_pwropt.dcp"/>
  <File Type="BG-BIN" Name="sobel_detecter.bin"/>
  <File Type="PHYSOPT-DCP" Name="sobel_detecter_physopt.dcp"/>
  <File Type="BITSTR-MSK" Name="sobel_detecter.msk"/>
  <File Type="ROUTE-ERROR-DCP" Name="sobel_detecter_routed_error.dcp"/>
  <File Type="ROUTE-DCP" Name="sobel_detecter_routed.dcp"/>
  <File Type="ROUTE-BLACKBOX-DCP" Name="sobel_detecter_routed_bb.dcp"/>
  <File Type="ROUTE-DRC" Name="sobel_detecter_drc_routed.rpt"/>
  <File Type="ROUTE-DRC-PB" Name="sobel_detecter_drc_routed.pb"/>
  <File Type="ROUTE-DRC-RPX" Name="sobel_detecter_drc_routed.rpx"/>
  <File Type="BITSTR-LTX" Name="sobel_detecter.ltx"/>
  <File Type="ROUTE-METHODOLOGY-DRC" Name="sobel_detecter_methodology_drc_routed.rpt"/>
  <File Type="BITSTR-MMI" Name="sobel_detecter.mmi"/>
  <File Type="ROUTE-METHODOLOGY-DRC-RPX" Name="sobel_detecter_methodology_drc_routed.rpx"/>
  <File Type="ROUTE-METHODOLOGY-DRC-PB" Name="sobel_detecter_methodology_drc_routed.pb"/>
  <File Type="BITSTR-SYSDEF" Name="sobel_detecter.sysdef"/>
  <File Type="ROUTE-PWR-RPX" Name="sobel_detecter_power_routed.rpx"/>
  <File Type="ROUTE-STATUS" Name="sobel_detecter_route_status.rpt"/>
  <File Type="ROUTE-STATUS-PB" Name="sobel_detecter_route_status.pb"/>
  <File Type="ROUTE-TIMINGSUMMARY" Name="sobel_detecter_timing_summary_routed.rpt"/>
  <File Type="ROUTE-TIMING-PB" Name="sobel_detecter_timing_summary_routed.pb"/>
  <File Type="ROUTE-TIMING-RPX" Name="sobel_detecter_timing_summary_routed.rpx"/>
  <File Type="ROUTE-CLK" Name="sobel_detecter_clock_utilization_routed.rpt"/>
  <File Type="ROUTE-BUS-SKEW-PB" Name="sobel_detecter_bus_skew_routed.pb"/>
  <File Type="ROUTE-BUS-SKEW-RPX" Name="sobel_detecter_bus_skew_routed.rpx"/>
  <File Type="POSTROUTE-PHYSOPT-DCP" Name="sobel_detecter_postroute_physopt.dcp"/>
  <File Type="POSTROUTE-PHYSOPT-BLACKBOX-DCP" Name="sobel_detecter_postroute_physopt_bb.dcp"/>
  <File Type="BG-BIT" Name="sobel_detecter.bit"/>
  <File Type="BITSTR-RBT" Name="sobel_detecter.rbt"/>
  <File Type="BITSTR-NKY" Name="sobel_detecter.nky"/>
  <File Type="BG-BGN" Name="sobel_detecter.bgn"/>
  <File Type="BG-DRC" Name="sobel_detecter.drc"/>
  <File Type="RDI-RDI" Name="sobel_detecter.vdi"/>
  <File Type="WBT-USG" Name="usage_statistics_webtalk.html"/>
  <FileSet Name="sources" Type="DesignSrcs" RelSrcDir="$PSRCDIR/sources_1">
    <Filter Type="Srcs"/>
    <File Path="$PSRCDIR/sources_1/imports/RTL/sobel_detecter.v">
      <FileInfo>
        <Attr Name="ImportPath" Val="$PPRDIR/../../../../../../../../OneDrive/Desktop/HDL/hw4/code/RTL/sobel_detecter.v"/>
        <Attr Name="ImportTime" Val="1733078596"/>
        <Attr Name="UsedIn" Val="synthesis"/>
        <Attr Name="UsedIn" Val="implementation"/>
        <Attr Name="UsedIn" Val="simulation"/>
      </FileInfo>
    </File>
    <Config>
      <Option Name="DesignMode" Val="RTL"/>
      <Option Name="TopModule" Val="sobel_detecter"/>
      <Option Name="TopAutoSet" Val="TRUE"/>
    </Config>
  </FileSet>
  <FileSet Name="constrs_in" Type="Constrs" RelSrcDir="$PSRCDIR/constrs_1">
    <Filter Type="Constrs"/>
    <Config>
      <Option Name="ConstrsType" Val="XDC"/>
    </Config>
  </FileSet>
  <FileSet Name="utils" Type="Utils" RelSrcDir="$PSRCDIR/utils_1">
    <Filter Type="Utils"/>
    <Config>
      <Option Name="TopAutoSet" Val="TRUE"/>
    </Config>
  </FileSet>
  <Strategy Version="1" Minor="2">
    <StratHandle Name="Vivado Implementation Defaults" Flow="Vivado Implementation 2018"/>
    <Step Id="init_design"/>
    <Step Id="opt_design"/>
    <Step Id="power_opt_design"/>
    <Step Id="place_design"/>
    <Step Id="post_place_power_opt_design"/>
    <Step Id="phys_opt_design"/>
    <Step Id="route_design"/>
    <Step Id="post_route_phys_opt_design"/>
    <Step Id="write_bitstream"/>
  </Strategy>
</GenRun>
