<?xml version="1.0" encoding="UTF-8"?>
<GenRun Id="impl_1" LaunchPart="xc7z020clg484-1" LaunchTime="1729481119">
  <File Type="ROUTE-BUS-SKEW" Name="hw2_pipe_bus_skew_routed.rpt"/>
  <File Type="PA-DCP" Name="hw2_pipe.dcp"/>
  <File Type="OPT-HWDEF" Name="hw2_pipe.hwdef"/>
  <File Type="ROUTE-PWR" Name="hw2_pipe_power_routed.rpt"/>
  <File Type="PA-TCL" Name="hw2_pipe.tcl"/>
  <File Type="BITSTR-BMM" Name="hw2_pipe_bd.bmm"/>
  <File Type="OPT-DCP" Name="hw2_pipe_opt.dcp"/>
  <File Type="REPORTS-TCL" Name="hw2_pipe_reports.tcl"/>
  <File Type="ROUTE-PWR-SUM" Name="hw2_pipe_power_summary_routed.pb"/>
  <File Type="OPT-DRC" Name="hw2_pipe_drc_opted.rpt"/>
  <File Type="PWROPT-DCP" Name="hw2_pipe_pwropt.dcp"/>
  <File Type="PLACE-DCP" Name="hw2_pipe_placed.dcp"/>
  <File Type="PLACE-IO" Name="hw2_pipe_io_placed.rpt"/>
  <File Type="PLACE-UTIL" Name="hw2_pipe_utilization_placed.rpt"/>
  <File Type="PLACE-UTIL-PB" Name="hw2_pipe_utilization_placed.pb"/>
  <File Type="PLACE-CTRL" Name="hw2_pipe_control_sets_placed.rpt"/>
  <File Type="PLACE-PRE-SIMILARITY" Name="hw2_pipe_incremental_reuse_pre_placed.rpt"/>
  <File Type="POSTPLACE-PWROPT-DCP" Name="hw2_pipe_postplace_pwropt.dcp"/>
  <File Type="BG-BIN" Name="hw2_pipe.bin"/>
  <File Type="PHYSOPT-DCP" Name="hw2_pipe_physopt.dcp"/>
  <File Type="BITSTR-MSK" Name="hw2_pipe.msk"/>
  <File Type="ROUTE-ERROR-DCP" Name="hw2_pipe_routed_error.dcp"/>
  <File Type="ROUTE-DCP" Name="hw2_pipe_routed.dcp"/>
  <File Type="ROUTE-BLACKBOX-DCP" Name="hw2_pipe_routed_bb.dcp"/>
  <File Type="ROUTE-DRC" Name="hw2_pipe_drc_routed.rpt"/>
  <File Type="ROUTE-DRC-PB" Name="hw2_pipe_drc_routed.pb"/>
  <File Type="ROUTE-DRC-RPX" Name="hw2_pipe_drc_routed.rpx"/>
  <File Type="BITSTR-LTX" Name="hw2_pipe.ltx"/>
  <File Type="ROUTE-METHODOLOGY-DRC" Name="hw2_pipe_methodology_drc_routed.rpt"/>
  <File Type="BITSTR-MMI" Name="hw2_pipe.mmi"/>
  <File Type="ROUTE-METHODOLOGY-DRC-RPX" Name="hw2_pipe_methodology_drc_routed.rpx"/>
  <File Type="ROUTE-METHODOLOGY-DRC-PB" Name="hw2_pipe_methodology_drc_routed.pb"/>
  <File Type="BITSTR-SYSDEF" Name="hw2_pipe.sysdef"/>
  <File Type="ROUTE-PWR-RPX" Name="hw2_pipe_power_routed.rpx"/>
  <File Type="ROUTE-STATUS" Name="hw2_pipe_route_status.rpt"/>
  <File Type="ROUTE-STATUS-PB" Name="hw2_pipe_route_status.pb"/>
  <File Type="ROUTE-TIMINGSUMMARY" Name="hw2_pipe_timing_summary_routed.rpt"/>
  <File Type="ROUTE-TIMING-PB" Name="hw2_pipe_timing_summary_routed.pb"/>
  <File Type="ROUTE-TIMING-RPX" Name="hw2_pipe_timing_summary_routed.rpx"/>
  <File Type="ROUTE-CLK" Name="hw2_pipe_clock_utilization_routed.rpt"/>
  <File Type="ROUTE-BUS-SKEW-PB" Name="hw2_pipe_bus_skew_routed.pb"/>
  <File Type="ROUTE-BUS-SKEW-RPX" Name="hw2_pipe_bus_skew_routed.rpx"/>
  <File Type="POSTROUTE-PHYSOPT-DCP" Name="hw2_pipe_postroute_physopt.dcp"/>
  <File Type="POSTROUTE-PHYSOPT-BLACKBOX-DCP" Name="hw2_pipe_postroute_physopt_bb.dcp"/>
  <File Type="BG-BIT" Name="hw2_pipe.bit"/>
  <File Type="BITSTR-RBT" Name="hw2_pipe.rbt"/>
  <File Type="BITSTR-NKY" Name="hw2_pipe.nky"/>
  <File Type="BG-BGN" Name="hw2_pipe.bgn"/>
  <File Type="BG-DRC" Name="hw2_pipe.drc"/>
  <File Type="RDI-RDI" Name="hw2_pipe.vdi"/>
  <File Type="WBT-USG" Name="usage_statistics_webtalk.html"/>
  <FileSet Name="sources" Type="DesignSrcs" RelSrcDir="$PSRCDIR/sources_1">
    <Filter Type="Srcs"/>
    <File Path="$PSRCDIR/sources_1/imports/rtl/pipeline.v">
      <FileInfo>
        <Attr Name="ImportPath" Val="$PPRDIR/../../../../../../../../OneDrive/Desktop/硬體描述語言/hw2/code/hw2/rtl/pipeline.v"/>
        <Attr Name="ImportTime" Val="1729459762"/>
        <Attr Name="UsedIn" Val="synthesis"/>
        <Attr Name="UsedIn" Val="implementation"/>
        <Attr Name="UsedIn" Val="simulation"/>
      </FileInfo>
    </File>
    <Config>
      <Option Name="DesignMode" Val="RTL"/>
      <Option Name="TopModule" Val="hw2_pipe"/>
      <Option Name="TopAutoSet" Val="TRUE"/>
    </Config>
  </FileSet>
  <FileSet Name="constrs_in" Type="Constrs" RelSrcDir="$PSRCDIR/constrs_1">
    <Filter Type="Constrs"/>
    <Config>
      <Option Name="ConstrsType" Val="XDC"/>
    </Config>
  </FileSet>
  <FileSet Name="utils" Type="Utils" RelSrcDir="$PSRCDIR/utils_1">
    <Filter Type="Utils"/>
    <Config>
      <Option Name="TopAutoSet" Val="TRUE"/>
    </Config>
  </FileSet>
  <Strategy Version="1" Minor="2">
    <StratHandle Name="Vivado Implementation Defaults" Flow="Vivado Implementation 2018"/>
    <Step Id="init_design"/>
    <Step Id="opt_design"/>
    <Step Id="power_opt_design"/>
    <Step Id="place_design"/>
    <Step Id="post_place_power_opt_design"/>
    <Step Id="phys_opt_design"/>
    <Step Id="route_design"/>
    <Step Id="post_route_phys_opt_design"/>
    <Step Id="write_bitstream"/>
  </Strategy>
</GenRun>
