<?xml version="1.0" encoding="UTF-8"?>
<GenRun Id="impl_1" LaunchPart="xc7z020clg484-1" LaunchTime="1735513949">
  <File Type="PA-DCP" Name="PE.dcp"/>
  <File Type="OPT-HWDEF" Name="PE.hwdef"/>
  <File Type="PA-TCL" Name="PE.tcl"/>
  <File Type="BITSTR-BMM" Name="PE_bd.bmm"/>
  <File Type="OPT-DCP" Name="PE_opt.dcp"/>
  <File Type="REPORTS-TCL" Name="PE_reports.tcl"/>
  <File Type="OPT-DRC" Name="PE_drc_opted.rpt"/>
  <File Type="PWROPT-DCP" Name="PE_pwropt.dcp"/>
  <File Type="PLACE-DCP" Name="PE_placed.dcp"/>
  <File Type="PLACE-PRE-SIMILARITY" Name="PE_incremental_reuse_pre_placed.rpt"/>
  <File Type="POSTPLACE-PWROPT-DCP" Name="PE_postplace_pwropt.dcp"/>
  <File Type="BG-BIN" Name="PE.bin"/>
  <File Type="PHYSOPT-DCP" Name="PE_physopt.dcp"/>
  <File Type="BITSTR-MSK" Name="PE.msk"/>
  <File Type="ROUTE-ERROR-DCP" Name="PE_routed_error.dcp"/>
  <File Type="ROUTE-DCP" Name="PE_routed.dcp"/>
  <File Type="ROUTE-BLACKBOX-DCP" Name="PE_routed_bb.dcp"/>
  <File Type="BITSTR-LTX" Name="PE.ltx"/>
  <File Type="BITSTR-MMI" Name="PE.mmi"/>
  <File Type="BITSTR-SYSDEF" Name="PE.sysdef"/>
  <File Type="ROUTE-TIMING-PB" Name="PE_timing_summary_routed.pb"/>
  <File Type="POSTROUTE-PHYSOPT-DCP" Name="PE_postroute_physopt.dcp"/>
  <File Type="POSTROUTE-PHYSOPT-BLACKBOX-DCP" Name="PE_postroute_physopt_bb.dcp"/>
  <File Type="BG-BIT" Name="PE.bit"/>
  <File Type="BITSTR-RBT" Name="PE.rbt"/>
  <File Type="BITSTR-NKY" Name="PE.nky"/>
  <File Type="BG-BGN" Name="PE.bgn"/>
  <File Type="BG-DRC" Name="PE.drc"/>
  <File Type="RDI-RDI" Name="PE.vdi"/>
  <File Type="WBT-USG" Name="usage_statistics_webtalk.html"/>
  <FileSet Name="sources" Type="DesignSrcs" RelSrcDir="$PSRCDIR/sources_1">
    <Filter Type="Srcs"/>
    <File Path="$PSRCDIR/sources_1/ip/sram_img_r_1/sram_img_r.xci">
      <FileInfo>
        <Attr Name="ImportPath" Val="$PPRDIR/../../../../../../../../OneDrive/Desktop/HDL/hw6_bouns/vivado/HDL_HW6_B103040045/HDL_HW6_B103040045.srcs/sources_1/ip/sram_img_r_1/sram_img_r.xci"/>
        <Attr Name="ImportTime" Val="1735508688"/>
        <Attr Name="UsedIn" Val="synthesis"/>
        <Attr Name="UsedIn" Val="implementation"/>
        <Attr Name="UsedIn" Val="simulation"/>
      </FileInfo>
    </File>
    <File Path="$PSRCDIR/sources_1/imports/Memory_compiler/TOP.v">
      <FileInfo>
        <Attr Name="ImportPath" Val="$PPRDIR/../../../../../../../../OneDrive/Desktop/HDL/hw6_bouns/code/rtl/Memory_compiler/TOP.v"/>
        <Attr Name="ImportTime" Val="1735509914"/>
        <Attr Name="UsedIn" Val="synthesis"/>
        <Attr Name="UsedIn" Val="implementation"/>
        <Attr Name="UsedIn" Val="simulation"/>
      </FileInfo>
    </File>
    <File Path="$PSRCDIR/sources_1/imports/Memory_compiler/accelerator_with_mem_compiler.v">
      <FileInfo>
        <Attr Name="ImportPath" Val="$PPRDIR/../../../../../../../../OneDrive/Desktop/HDL/hw6_bouns/code/rtl/Memory_compiler/accelerator_with_mem_compiler.v"/>
        <Attr Name="ImportTime" Val="1735509701"/>
        <Attr Name="UsedIn" Val="synthesis"/>
        <Attr Name="UsedIn" Val="implementation"/>
        <Attr Name="UsedIn" Val="simulation"/>
      </FileInfo>
    </File>
    <Config>
      <Option Name="DesignMode" Val="RTL"/>
      <Option Name="TopModule" Val="PE"/>
      <Option Name="TopAutoSet" Val="TRUE"/>
    </Config>
  </FileSet>
  <FileSet Name="constrs_in" Type="Constrs" RelSrcDir="$PSRCDIR/constrs_1">
    <Filter Type="Constrs"/>
    <Config>
      <Option Name="ConstrsType" Val="XDC"/>
    </Config>
  </FileSet>
  <FileSet Name="utils" Type="Utils" RelSrcDir="$PSRCDIR/utils_1">
    <Filter Type="Utils"/>
    <Config>
      <Option Name="TopAutoSet" Val="TRUE"/>
    </Config>
  </FileSet>
  <Strategy Version="1" Minor="2">
    <StratHandle Name="Vivado Implementation Defaults" Flow="Vivado Implementation 2018"/>
    <Step Id="init_design"/>
    <Step Id="opt_design"/>
    <Step Id="power_opt_design"/>
    <Step Id="place_design"/>
    <Step Id="post_place_power_opt_design"/>
    <Step Id="phys_opt_design"/>
    <Step Id="route_design"/>
    <Step Id="post_route_phys_opt_design"/>
    <Step Id="write_bitstream"/>
  </Strategy>
</GenRun>
